Corso di Laurea,Livello,Dipartimento,Classe,Accesso,Lingua,Sede
ARCHEOLOGIA E STORIA DELL'ARTE,Triennale / Ciclo Unico,CIVILTA' ANTICHE E MODERNE,L-1 - Classe delle lauree in Beni culturali,Libero,italiano,MESSINA
"BENI ARCHEOLOGICI: TERRITORIO, INSEDIAMENTI, CULTURA MATERIALE",Triennale / Ciclo Unico,CIVILTA' ANTICHE E MODERNE,L-1 - Classe delle lauree in Beni culturali,Libero,italiano,NOTO
BIG DATA PER LE SCIENZE ECONOMICE,Triennale / Ciclo Unico,ECONOMIA,L-33 - Scienze economiche,Libero,italiano,MESSINA
BIOTECNOLOGIE,Triennale / Ciclo Unico,"SCIENZE BIOMEDICHE, ODONTOIATRICHE E DELLE IMMAGINI MORFOLOGICHE E FUNZIONALI",L-2 R - Biotecnologie,Programmato,inglese italiano,MESSINA
CHIMICA,Triennale / Ciclo Unico,"SCIENZE CHIMICHE, BIOLOGICHE, FARMACEUTICHE E AMBIENTALI",L-27 R - Scienze e tecnologie chimiche,Libero,italiano,MESSINA
CHIMICA E TECNOLOGIA FARMACEUTICHE,Triennale / Ciclo Unico,"SCIENZE CHIMICHE, BIOLOGICHE, FARMACEUTICHE E AMBIENTALI",LM-13 R - Farmacia e farmacia industriale,Libero,italiano,MESSINA
CONSULENTE DEL LAVORO E SCIENZE DEI SERVIZI GIURIDICI,Triennale / Ciclo Unico,GIURISPRUDENZA,L-14 R - Scienze dei servizi giuridici,Libero,italiano,MESSINA
CONSULENTE DEL LAVORO E SCIENZE DEI SERVIZI GIURIDICI,Triennale / Ciclo Unico,GIURISPRUDENZA,L-14 R - Scienze dei servizi giuridici,Libero,italiano,SIRACUSA
DIRITTO DELLE NUOVE TECNOLOGIE,Triennale / Ciclo Unico,SCIENZE POLITICHE E GIURIDICHE,L-14 R - Scienze dei servizi giuridici,Libero,italiano,MESSINA
"DISCIPLINE DELLE ARTI, DELLA MUSICA E DELLO SPETTACOLO",Triennale / Ciclo Unico,"SCIENZE COGNITIVE, PSICOLOGICHE, PEDAGOGICHE E DEGLI STUDI CULTURALI","L-3 R - Discipline delle arti figurative, della musica, dello spettacolo e della moda",Libero,italiano,MESSINA
ECONOMIA AZIENDALE,Triennale / Ciclo Unico,ECONOMIA,L-18 R - Scienze dell'economia e della gestione aziendale,Libero,italiano,MESSINA
"ECONOMIA, BANCA E FINANZA",Triennale / Ciclo Unico,ECONOMIA,L-33 R - Scienze economiche,Libero,italiano,MESSINA
FARMACIA,Triennale / Ciclo Unico,"SCIENZE CHIMICHE, BIOLOGICHE, FARMACEUTICHE E AMBIENTALI",LM-13 R - Farmacia e farmacia industriale,Libero,italiano,MESSINA
FILOSOFIA,Triennale / Ciclo Unico,CIVILTA' ANTICHE E MODERNE,L-5 R - Filosofia,Libero,italiano,MESSINA
FISICA,Triennale / Ciclo Unico,"SCIENZE MATEMATICHE E INFORMATICHE, SCIENZE FISICHE  E SCIENZE DELLA TERRA",L-30 R - Scienze e tecnologie fisiche,Libero,italiano,MESSINA
FISIOTERAPIA,Triennale / Ciclo Unico,MEDICINA CLINICA E SPERIMENTALE,L/SNT2 - Classe delle lauree in Professioni sanitarie della riabilitazione,Programmato,italiano,MESSINA
GIURISPRUDENZA,Triennale / Ciclo Unico,GIURISPRUDENZA,LMG/01 R - Classe delle lauree magistrali in giurisprudenza,Libero,italiano,MESSINA
GIURISPRUDENZA,Triennale / Ciclo Unico,GIURISPRUDENZA,LMG/01 R - Classe delle lauree magistrali in giurisprudenza,Libero,italiano,SIRACUSA
INFERMIERISTICA,Triennale / Ciclo Unico,MEDICINA CLINICA E SPERIMENTALE,"L/SNT1 - Classe delle lauree in Professioni sanitarie, infermieristiche e professione sanitaria ostetrica",Programmato,italiano,"MESSINA, SIRACUSA"
INFERMIERISTICA (ABILITANTE ALLA PROFESSIONE SANITARIA DI INFERMIERE),Triennale / Ciclo Unico,MEDICINA CLINICA E SPERIMENTALE,"L/SNT1 - Classe delle lauree in Professioni sanitarie, infermieristiche e professione sanitaria ostetrica",Programmato,italiano,SIRACUSA
INFERMIERISTICA PEDIATRICA,Triennale / Ciclo Unico,"PATOLOGIA UMANA DELL'ADULTO E DELL'ETA' EVOLUTIVA ""Gaetano Barresi""","L/SNT1 - Classe delle lauree in Professioni sanitarie, infermieristiche e professione sanitaria ostetrica",Programmato,italiano,MESSINA
INFORMATICA,Triennale / Ciclo Unico,"SCIENZE MATEMATICHE E INFORMATICHE, SCIENZE FISICHE  E SCIENZE DELLA TERRA",L-31 R - Scienze e tecnologie informatiche,Libero,inglese italiano,MESSINA
INGEGNERIA BIOMEDICA,Triennale / Ciclo Unico,INGEGNERIA,L-8 R - Ingegneria dell'informazione,Libero,italiano,MESSINA
INGEGNERIA CIVILE,Triennale / Ciclo Unico,INGEGNERIA,L-7 R - Ingegneria civile e ambientale,Libero,inglese italiano,MESSINA
INGEGNERIA ELETTRONICA E INFORMATICA,Triennale / Ciclo Unico,INGEGNERIA,L-8 R - Ingegneria dell'informazione,Libero,italiano,MESSINA
INGEGNERIA GESTIONALE,Triennale / Ciclo Unico,INGEGNERIA,L-9 R - Ingegneria industriale,Libero,italiano,MESSINA
INGEGNERIA INDUSTRIALE,Triennale / Ciclo Unico,INGEGNERIA,L-9 R - Ingegneria industriale,Libero,italiano,MESSINA
LETTERE,Triennale / Ciclo Unico,CIVILTA' ANTICHE E MODERNE,L-10 R - Lettere,Libero,italiano,MESSINA
"LINGUE, LETTERATURE STRANIERE E TECNICHE DELLA MEDIAZIONE LINGUISTICA",Triennale / Ciclo Unico,CIVILTA' ANTICHE E MODERNE,L-11 R - Lingue e culture moderne,Libero,italiano,MESSINA
LOGOPEDIA,Triennale / Ciclo Unico,"PATOLOGIA UMANA DELL'ADULTO E DELL'ETA' EVOLUTIVA ""Gaetano Barresi""",L/SNT2 - Classe delle lauree in Professioni sanitarie della riabilitazione,Programmato,italiano,MESSINA
MANAGEMENT D'IMPRESA,Triennale / Ciclo Unico,ECONOMIA,L-18 R - Scienze dell'economia e della gestione aziendale,Libero,inglese italiano,MESSINA
MARINE BIOLOGY AND BLUE BIOTECHNOLOGIES,Triennale / Ciclo Unico,"SCIENZE CHIMICHE, BIOLOGICHE, FARMACEUTICHE E AMBIENTALI",L-13 R - Scienze biologiche,Libero,inglese,MESSINA
MATEMATICA,Triennale / Ciclo Unico,"SCIENZE MATEMATICHE E INFORMATICHE, SCIENZE FISICHE  E SCIENZE DELLA TERRA",L-35 R - Scienze matematiche,Libero,italiano,MESSINA
MEDICINA E CHIRURGIA,Triennale / Ciclo Unico,"PATOLOGIA UMANA DELL'ADULTO E DELL'ETA' EVOLUTIVA ""Gaetano Barresi""",LM-41 R - Medicina e chirurgia,Programmato,italiano,MESSINA
MEDICINA E CHIRURGIA - MEDBIOTECH,Triennale / Ciclo Unico,MEDICINA CLINICA E SPERIMENTALE,LM-41 R - Medicina e chirurgia,Programmato,italiano,MESSINA
MEDICINA VETERINARIA,Triennale / Ciclo Unico,SCIENZE VETERINARIE,LM-42 R - Medicina veterinaria,Programmato,italiano,MESSINA
MEDICINE AND SURGERY,Triennale / Ciclo Unico,"SCIENZE BIOMEDICHE, ODONTOIATRICHE E DELLE IMMAGINI MORFOLOGICHE E FUNZIONALI",LM-41 R - Medicina e chirurgia,Programmato,inglese,MESSINA
ODONTOIATRIA E PROTESI DENTARIA,Triennale / Ciclo Unico,"SCIENZE BIOMEDICHE, ODONTOIATRICHE E DELLE IMMAGINI MORFOLOGICHE E FUNZIONALI",LM-46 R - Odontoiatria e protesi dentaria,Programmato,italiano,MESSINA
ORTOTTICA ED ASSISTENZA OFTALMOLOGICA,Triennale / Ciclo Unico,"SCIENZE BIOMEDICHE, ODONTOIATRICHE E DELLE IMMAGINI MORFOLOGICHE E FUNZIONALI",L/SNT2 - Classe delle lauree in Professioni sanitarie della riabilitazione,Programmato,italiano,MESSINA
OSTETRICIA,Triennale / Ciclo Unico,"PATOLOGIA UMANA DELL'ADULTO E DELL'ETA' EVOLUTIVA ""Gaetano Barresi""","L/SNT1 - Classe delle lauree in Professioni sanitarie, infermieristiche e professione sanitaria ostetrica",Programmato,italiano,MESSINA
SCIENZE AMBIENTALI MARINE E TERRESTRI,Triennale / Ciclo Unico,"SCIENZE CHIMICHE, BIOLOGICHE, FARMACEUTICHE E AMBIENTALI",L-32 R - Scienze e tecnologie per l'ambiente e la natura,Libero,italiano,MESSINA
SCIENZE BIOLOGICHE,Triennale / Ciclo Unico,"SCIENZE CHIMICHE, BIOLOGICHE, FARMACEUTICHE E AMBIENTALI",L-13 R - Scienze biologiche,Libero,italiano,MESSINA
SCIENZE DEL SERVIZIO SOCIALE,Triennale / Ciclo Unico,SCIENZE POLITICHE E GIURIDICHE,L-39 R - Servizio sociale,Libero,italiano,MESSINA
"SCIENZE DEL TURISMO, DELLA CULTURA E DELL'IMPRESA",Triennale / Ciclo Unico,"SCIENZE COGNITIVE, PSICOLOGICHE, PEDAGOGICHE E DEGLI STUDI CULTURALI",L-15 R - Scienze del turismo,Libero,italiano,MESSINA
SCIENZE DELL’INFORMAZIONE: TECNICHE GIORNALISTICHE E SOCIAL MEDIA,Triennale / Ciclo Unico,CIVILTA' ANTICHE E MODERNE,L-20 R - Scienze della comunicazione,Libero,italiano,MESSINA
SCIENZE DELLA FORMAZIONE E DELLA COMUNICAZIONE,Triennale / Ciclo Unico,"SCIENZE COGNITIVE, PSICOLOGICHE, PEDAGOGICHE E DEGLI STUDI CULTURALI",L-19 R - Scienze dell'educazione e della formazione,Libero,italiano,NOTO
SCIENZE DELLA FORMAZIONE E DELLA COMUNICAZIONE,Triennale / Ciclo Unico,"SCIENZE COGNITIVE, PSICOLOGICHE, PEDAGOGICHE E DEGLI STUDI CULTURALI",L-19 R - Scienze dell'educazione e della formazione,Libero,italiano,NOTO
SCIENZE DELLA FORMAZIONE PRIMARIA,Triennale / Ciclo Unico,"SCIENZE COGNITIVE, PSICOLOGICHE, PEDAGOGICHE E DEGLI STUDI CULTURALI",LM-85 BIS - Scienze della formazione primaria,Libero,italiano,MESSINA
SCIENZE E TECNICHE PSICOLOGICHE,Triennale / Ciclo Unico,"SCIENZE COGNITIVE, PSICOLOGICHE, PEDAGOGICHE E DEGLI STUDI CULTURALI",L-24 R - Scienze e tecniche psicologiche,Libero,italiano,MESSINA
SCIENZE E TECNICHE PSICOLOGICHE,Triennale / Ciclo Unico,"SCIENZE COGNITIVE, PSICOLOGICHE, PEDAGOGICHE E DEGLI STUDI CULTURALI",L-24 R - Scienze e tecniche psicologiche,Libero,italiano,NOTO
SCIENZE E TECNICHE PSICOLOGICHE CLINICHE E PREVENTIVE,Triennale / Ciclo Unico,MEDICINA CLINICA E SPERIMENTALE,L-24 R - Scienze e tecniche psicologiche,Libero,italiano,MESSINA
SCIENZE E TECNOLOGIE AGRARIE PER LA TRANSIZIONE ECOLOGICA,Triennale / Ciclo Unico,SCIENZE VETERINARIE,L-25 R - Scienze e tecnologie agrarie e forestali,Libero,italiano,MESSINA
SCIENZE E TECNOLOGIE DELLA NAVIGAZIONE,Triennale / Ciclo Unico,INGEGNERIA,L-28 R - Scienze e tecnologie della navigazione,Libero,italiano,MESSINA
SCIENZE GASTRONOMICHE,Triennale / Ciclo Unico,"SCIENZE BIOMEDICHE, ODONTOIATRICHE E DELLE IMMAGINI MORFOLOGICHE E FUNZIONALI",L-26 R - Scienze e tecnologie alimentari,Libero,italiano,MESSINA
SCIENZE GASTRONOMICHE,Triennale / Ciclo Unico,"SCIENZE BIOMEDICHE, ODONTOIATRICHE E DELLE IMMAGINI MORFOLOGICHE E FUNZIONALI",L-26 R - Scienze e tecnologie alimentari,Libero,italiano,NOTO
"SCIENZE MOTORIE, SPORT E SALUTE",Triennale / Ciclo Unico,"SCIENZE BIOMEDICHE, ODONTOIATRICHE E DELLE IMMAGINI MORFOLOGICHE E FUNZIONALI",L-22 R - Scienze delle attività motorie e sportive,Programmato,italiano,MESSINA
SCIENZE NUTRACEUTICHE E ALIMENTI FUNZIONALI,Triennale / Ciclo Unico,"SCIENZE CHIMICHE, BIOLOGICHE, FARMACEUTICHE E AMBIENTALI",L-29 R - Scienze e tecnologie farmaceutiche,Libero,italiano,MESSINA
SCIENZE POLITICHE E DELLE RELAZIONI INTERNAZIONALI,Triennale / Ciclo Unico,SCIENZE POLITICHE E GIURIDICHE,L-36 R - Scienze politiche e delle relazioni internazionali,Libero,inglese italiano,MESSINA
"SCIENZE POLITICHE, AMMINISTRAZIONE E SERVIZI",Triennale / Ciclo Unico,SCIENZE POLITICHE E GIURIDICHE,L-16 R - Scienze dell'amministrazione e dell'organizzazione,Libero,italiano,SIRACUSA
"SCIENZE POLITICHE, AMMINISTRAZIONE E SERVIZI",Triennale / Ciclo Unico,SCIENZE POLITICHE E GIURIDICHE,L-16 R - Scienze dell'amministrazione e dell'organizzazione,Libero,italiano,MESSINA
"SCIENZE, TECNOLOGIE E SICUREZZA DELLE PRODUZIONI ANIMALI",Triennale / Ciclo Unico,SCIENZE VETERINARIE,L-38 R - Scienze zootecniche e tecnologie delle produzioni animali,Libero,italiano,MESSINA
TECNICA DELLA RIABILITAZIONE PSICHIATRICA,Triennale / Ciclo Unico,"SCIENZE BIOMEDICHE, ODONTOIATRICHE E DELLE IMMAGINI MORFOLOGICHE E FUNZIONALI",L/SNT2 - Classe delle lauree in Professioni sanitarie della riabilitazione,Programmato,italiano,MESSINA
TECNICHE AUDIOPROTESICHE,Triennale / Ciclo Unico,"PATOLOGIA UMANA DELL'ADULTO E DELL'ETA' EVOLUTIVA ""Gaetano Barresi""",L/SNT3 - Classe delle lauree in Professioni sanitarie tecniche,Programmato,italiano,MESSINA
TECNICHE DELLA PREVENZIONE NELL'AMBIENTE E NEI LUOGHI DI LAVORO,Triennale / Ciclo Unico,"SCIENZE BIOMEDICHE, ODONTOIATRICHE E DELLE IMMAGINI MORFOLOGICHE E FUNZIONALI",L/SNT4 - Classe delle lauree in Professioni sanitarie della prevenzione,Programmato,italiano,MESSINA
TECNICHE DI LABORATORIO BIOMEDICO,Triennale / Ciclo Unico,"SCIENZE BIOMEDICHE, ODONTOIATRICHE E DELLE IMMAGINI MORFOLOGICHE E FUNZIONALI",L/SNT3 - Classe delle lauree in Professioni sanitarie tecniche,Programmato,italiano,MESSINA
TECNICHE DI NEUROFISIOPATOLOGIA,Triennale / Ciclo Unico,MEDICINA CLINICA E SPERIMENTALE,L/SNT3 - Classe delle lauree in Professioni sanitarie tecniche,Programmato,italiano,MESSINA
"TECNICHE DI RADIOLOGIA MEDICA, PER IMMAGINI E RADIOTERAPIA",Triennale / Ciclo Unico,"SCIENZE BIOMEDICHE, ODONTOIATRICHE E DELLE IMMAGINI MORFOLOGICHE E FUNZIONALI",L/SNT3 - Classe delle lauree in Professioni sanitarie tecniche,Programmato,italiano,MESSINA
TERAPIA DELLA NEURO E PSICOMOTRICITA' DELL'ETA' EVOLUTIVA,Triennale / Ciclo Unico,"PATOLOGIA UMANA DELL'ADULTO E DELL'ETA' EVOLUTIVA ""Gaetano Barresi""",L/SNT2 - Classe delle lauree in Professioni sanitarie della riabilitazione,Programmato,italiano,MESSINA
TRANSNATIONAL AND EUROPEAN LEGAL STUDIES,Triennale / Ciclo Unico,GIURISPRUDENZA,L-14 R - Scienze dei servizi giuridici,Libero,inglese,MESSINA
BIOINGEGNERIA,Magistrale,INGEGNERIA,LM-21 R - Ingegneria biomedica,Libero,italiano,MESSINA
BIOLOGIA DELLA SALUTE DELLE TECNOLOGIE APPLICATE E DELLA NUTRIZIONE,Magistrale,"SCIENZE CHIMICHE, BIOLOGICHE, FARMACEUTICHE E AMBIENTALI",LM-6 R - Biologia,Libero,italiano,MESSINA
BIOLOGIA ED ECOLOGIA DELL'AMBIENTE MARINO COSTIERO,Magistrale,"SCIENZE CHIMICHE, BIOLOGICHE, FARMACEUTICHE E AMBIENTALI",LM-6 R - Biologia,Libero,inglese italiano,MESSINA
BIOTECNOLOGIE MEDICHE,Magistrale,"SCIENZE BIOMEDICHE, ODONTOIATRICHE E DELLE IMMAGINI MORFOLOGICHE E FUNZIONALI","LM-9 R - Biotecnologie mediche, veterinarie e farmaceutiche",Libero,inglese italiano,MESSINA
BIOTECNOLOGIE VETERINARIE,Magistrale,SCIENZE VETERINARIE,"LM-9 R - Biotecnologie mediche, veterinarie e farmaceutiche",Libero,italiano,MESSINA
CHIMICA,Magistrale,"SCIENZE CHIMICHE, BIOLOGICHE, FARMACEUTICHE E AMBIENTALI",LM-54 R - Scienze chimiche,Libero,italiano,MESSINA
CIVILTÀ LETTERARIA DELL'ITALIA MEDIEVALE E MODERNA,Magistrale,CIVILTA' ANTICHE E MODERNE,LM-14 - Classe delle lauree magistrali in Filologia moderna,Libero,italiano,MESSINA
COGNITIVE SCIENCE AND THEORY OF COMMUNICATION,Magistrale,"SCIENZE COGNITIVE, PSICOLOGICHE, PEDAGOGICHE E DEGLI STUDI CULTURALI",LM-55 R - Scienze cognitive,Libero,inglese,MESSINA
COMUNICAZIONE DIGITALE E LINGUAGGI DEL GIORNALISMO,Magistrale,CIVILTA' ANTICHE E MODERNE,LM-19 R - Informazione e sistemi editoriali,Libero,italiano,MESSINA
CONSULENZA E GESTIONE DI IMPRESA,Magistrale,ECONOMIA,LM-77 R - Scienze economico-aziendali,Libero,inglese italiano,MESSINA
DATA SCIENCE,Magistrale,"SCIENZE MATEMATICHE E INFORMATICHE, SCIENZE FISICHE  E SCIENZE DELLA TERRA",LM Data - Data science,Libero,inglese,MESSINA
DIGITAL TRANSFORMATION E INNOVATION MANAGEMENT,Magistrale,ECONOMIA,LM-77 R - Scienze economico-aziendali,Libero,inglese italiano,MESSINA
DIRITTO DELL'INNOVAZIONE E DELLA SOSTENIBILITA',Magistrale,GIURISPRUDENZA,LM/SC-GI R - Scienze Giuridiche,Libero,italiano,MESSINA
ENGINEERING IN COMPUTER SCIENCE,Magistrale,INGEGNERIA,LM-32 - Classe delle lauree magistrali in Ingegneria informatica,Libero,inglese,MESSINA
FILOSOFIA CONTEMPORANEA,Magistrale,CIVILTA' ANTICHE E MODERNE,LM-78 R - Scienze filosofiche,Libero,italiano,MESSINA
GEOPHYSICAL SCIENCES FOR SEISMIC RISK,Magistrale,"SCIENZE MATEMATICHE E INFORMATICHE, SCIENZE FISICHE  E SCIENZE DELLA TERRA",LM-79 R - Scienze geofisiche,Libero,inglese,MESSINA
INGEGNERIA CIVILE,Magistrale,INGEGNERIA,LM-23 R - Ingegneria civile,Libero,inglese italiano,MESSINA
INGEGNERIA ELETTRONICA PER L'INDUSTRIA,Magistrale,INGEGNERIA,LM-29 - Classe delle lauree magistrali in Ingegneria elettronica,Libero,inglese italiano,MESSINA
INGEGNERIA GESTIONALE,Magistrale,INGEGNERIA,LM-31 - Classe delle lauree magistrali in Ingegneria gestionale,Libero,italiano,MESSINA
INGEGNERIA MECCANICA,Magistrale,INGEGNERIA,LM-33 - Classe delle lauree magistrali in Ingegneria meccanica,Libero,italiano,MESSINA
MATEMATICA,Magistrale,"SCIENZE MATEMATICHE E INFORMATICHE, SCIENZE FISICHE  E SCIENZE DELLA TERRA",LM-40 R - Matematica,Libero,italiano,MESSINA
METODI QUANTITATIVI PER L'ECONOMIA E LA FINANZA,Magistrale,ECONOMIA,LM-56 R - Scienze dell'economia,Libero,inglese italiano,MESSINA
PHYSICS,Magistrale,"SCIENZE MATEMATICHE E INFORMATICHE, SCIENZE FISICHE  E SCIENZE DELLA TERRA",LM-17 R - Fisica,Libero,inglese italiano,MESSINA
PSICOLOGIA CLINICA E DELLA SALUTE NEL CICLO DI VITA (ABILITANTE ALLA PROFESSIONE DI PSICOLOGO),Magistrale,MEDICINA CLINICA E SPERIMENTALE,LM-51 R - Psicologia,Libero,italiano,MESSINA
PSICOLOGIA E NEUROSCIENZE COGNITIVE,Magistrale,"SCIENZE COGNITIVE, PSICOLOGICHE, PEDAGOGICHE E DEGLI STUDI CULTURALI",LM-51 R - Psicologia,Libero,italiano,NOTO
RELAZIONI INTERNAZIONALI,Magistrale,SCIENZE POLITICHE E GIURIDICHE,LM-52 R - Relazioni internazionali,Libero,italiano,MESSINA
SCIENZE DELL'ALIMENTAZIONE E NUTRIZIONE UMANA,Magistrale,"SCIENZE CHIMICHE, BIOLOGICHE, FARMACEUTICHE E AMBIENTALI",LM-61 R - Scienze della nutrizione umana,Libero,italiano,MESSINA
SCIENZE DELLE PROFESSIONI SANITARIE TECNICHE DIAGNOSTICHE,Magistrale,"SCIENZE BIOMEDICHE, ODONTOIATRICHE E DELLE IMMAGINI MORFOLOGICHE E FUNZIONALI",LM/SNT3 - Classe delle lauree magistrali in Scienze delle professioni sanitarie tecniche,Programmato,italiano,MESSINA
SCIENZE DELLE PUBBLICHE AMMINISTRAZIONI,Magistrale,SCIENZE POLITICHE E GIURIDICHE,LM-63 R - Scienze delle pubbliche amministrazioni,Libero,italiano,MESSINA
SCIENZE E LOGISTICA DEL TRASPORTO MARITTIMO ED AEREO,Magistrale,INGEGNERIA,LM-72 R - Scienze e tecnologie della navigazione,Libero,inglese italiano,MESSINA
SCIENZE E TECNICHE DELLE ATTIVITÀ MOTORIE PREVENTIVE E ADATTATE,Magistrale,"SCIENZE BIOMEDICHE, ODONTOIATRICHE E DELLE IMMAGINI MORFOLOGICHE E FUNZIONALI",LM-67 R - Scienze e tecniche delle attivita' motorie preventive e adattate,Programmato,italiano,MESSINA
SCIENZE INFERMIERISTICHE E OSTETRICHE,Magistrale,"PATOLOGIA UMANA DELL'ADULTO E DELL'ETA' EVOLUTIVA ""Gaetano Barresi""",LM/SNT1 - Classe delle lauree magistrali in Scienze infermieristiche e ostetriche,Programmato,italiano,MESSINA
SCIENZE PEDAGOGICHE,Magistrale,"SCIENZE COGNITIVE, PSICOLOGICHE, PEDAGOGICHE E DEGLI STUDI CULTURALI",LM-85 R - Scienze pedagogiche,Libero,italiano,MESSINA
SCIENZE RIABILITATIVE DELLE PROFESSIONI SANITARIE,Magistrale,"PATOLOGIA UMANA DELL'ADULTO E DELL'ETA' EVOLUTIVA ""Gaetano Barresi""",LM/SNT2 - Classe delle lauree magistrali in Scienze riabilitative delle professioni sanitarie,Programmato,italiano,MESSINA
"SCIENZE STORICHE: SOCIETÀ, CULTURE E ISTITUZIONI D'EUROPA",Magistrale,CIVILTA' ANTICHE E MODERNE,LM-84 R - Scienze storiche,Libero,italiano,MESSINA
"SERVIZIO SOCIALE, POLITICHE SOCIALI E STUDI SOCIOLOGICI E RICERCA SOCIALE",Magistrale,"SCIENZE COGNITIVE, PSICOLOGICHE, PEDAGOGICHE E DEGLI STUDI CULTURALI",LM-87 R - Servizio sociale e politiche sociali,Libero,italiano,MESSINA
"SICUREZZA, QUALITA' E SOSTENIBILITÀ DELLE PRODUZIONI ANIMALI",Magistrale,SCIENZE VETERINARIE,LM-86 R - Scienze zootecniche e tecnologie  animali,Libero,italiano,MESSINA
TRADIZIONE CLASSICA E ARCHEOLOGIA DEL MEDITERRANEO,Magistrale,CIVILTA' ANTICHE E MODERNE,LM-2 R - Archeologia,Libero,italiano,MESSINA
"TRADUZIONE, DIDATTICA E RELAZIONI CULTURALI PER LE LINGUE E LE LETTERATURE MODERNE",Magistrale,CIVILTA' ANTICHE E MODERNE,LM-37 R - Lingue e letterature moderne europee e americane,Libero,italiano,MESSINA
TURISMO E SPETTACOLO,Magistrale,"SCIENZE COGNITIVE, PSICOLOGICHE, PEDAGOGICHE E DEGLI STUDI CULTURALI",LM-49 R - Progettazione e gestione dei sistemi turistici,Libero,italiano,MESSINA
